File,Total Energy (eV),Density,PBE Bandgap (eV),GLLB-SC Bandgap (eV),HSE Bandgap (eV),SCAN Bandgap (eV)
Mica_0000836_virtual_167_stropt.cif,-7.2682734,2.8828368303444476,0.5371557474136353,0.522581934928894,4.092159748077393,0.3117138147354126
Mica_0000836_virtual_100_stropt.cif,-7.2645283,2.887640746807332,1.16042160987854,0.38467490673065186,-0.020312070846557617,0.2551920413970947
Mica_0000836_virtual_62_stropt.cif,-7.268293,2.88172821584652,0.7335792779922485,1.3465983867645264,5.024180889129639,0.3762929439544678
Mica_0000836_virtual_199_stropt.cif,-7.2628756,2.878577792056226,1.208734393119812,0.4016371965408325,-0.0181657075881958,0.10463380813598633
Mica_0000836_virtual_319_stropt.cif,-7.2673817,2.8753245923189388,0.8856273293495178,0.34814679622650146,-0.019311904907226562,0.3274120092391968
Mica_0000836_virtual_252_stropt.cif,-7.2698374,2.885137226088031,1.1938114166259766,2.310089588165283,4.7774457931518555,0.3062858581542969
Mica_0000836_virtual_97_stropt.cif,-7.2611556,2.870014025944392,0.12614905834197998,0.38087618350982666,-0.01701188087463379,-0.012444615364074707
Mica_0000836_virtual_171_stropt.cif,-7.26795,2.8831225316502196,1.1706745624542236,0.45998597145080566,4.984513282775879,0.24287617206573486
Mica_0000836_virtual_19_stropt.cif,-7.261542,2.877177918264611,1.3092082738876343,0.48006951808929443,-0.017952799797058105,0.29541516304016113
Mica_0000836_virtual_37_stropt.cif,-7.2678194,2.883301536220295,0.5598829984664917,0.5156925916671753,4.705474376678467,0.29957902431488037
Mica_0000836_virtual_295_stropt.cif,-7.2633185,2.8856068675672737,0.334942102432251,0.2853740453720093,-0.0172346830368042,-0.0012451410293579102
Mica_0000836_virtual_166_stropt.cif,-7.262211,2.8807691243725877,1.2042454481124878,0.5314857959747314,4.8352370262146,0.26108360290527344
Mica_0000836_virtual_120_stropt.cif,-7.2594194,2.8790731299328987,0.9093412160873413,0.6157563924789429,-0.02004265785217285,0.18983161449432373
Mica_0000836_virtual_218_stropt.cif,-7.2580166,2.862268233696325,1.6938161849975586,0.6738022565841675,4.880486965179443,0.35231101512908936
Mica_0000836_virtual_365_stropt.cif,-7.264617,2.8697235556071488,-0.011618375778198242,0.8947756290435791,-0.01862192153930664,-0.012204289436340332
Mica_0000836_virtual_248_stropt.cif,-7.2637177,2.884352939756802,1.1979730129241943,0.4393221139907837,5.054808139801025,0.28577864170074463
Mica_0000836_virtual_267_stropt.cif,-7.264399,2.878677050555313,1.0082828998565674,0.5697476863861084,4.910051345825195,0.2166593074798584
Mica_0000836_virtual_59_stropt.cif,-7.264507,2.8792637671922563,1.3721050024032593,1.3773356676101685,4.901821136474609,0.28919899463653564
Mica_0000836_virtual_322_stropt.cif,-7.2640047,2.8834039566105503,1.2722117900848389,1.1341972351074219,5.027239799499512,0.36794471740722656
Mica_0000836_virtual_318_stropt.cif,-7.268122,2.891660891609436,-0.015720844268798828,0.4827549457550049,-0.016223669052124023,0.04594993591308594
Mica_0000836_virtual_15_stropt.cif,-7.267247,2.8875685274931584,1.221332311630249,1.0409588813781738,-0.013289570808410645,-0.0014684200286865234
Mica_0000836_virtual_371_stropt.cif,-7.267566,2.890812319755021,1.031548023223877,0.9530258178710938,4.613463878631592,0.35715556144714355
Mica_0000836_virtual_143_stropt.cif,-7.269113,2.8908607400483404,0.7861278057098389,0.678122878074646,4.233249664306641,0.264560341835022
Mica_0000836_virtual_304_stropt.cif,-7.2669015,2.893423440328195,1.1758993864059448,0.615041971206665,3.518347978591919,0.30248844623565674
Mica_0000836_virtual_79_stropt.cif,-7.262242,2.885093092025087,1.3205585479736328,1.3934247493743896,4.898917198181152,0.321134090423584
Mica_0000836_virtual_348_stropt.cif,-7.2537837,2.86677038773075,1.2943345308303833,0.5239427089691162,-0.02165079116821289,0.2229616641998291
Mica_0000836_virtual_205_stropt.cif,-7.264804,2.8833941526622513,1.3613348007202148,1.326273798942566,5.000655651092529,0.43758320808410645
Mica_0000836_virtual_334_stropt.cif,-7.2612524,2.8782600816703408,1.2701860666275024,0.45120859146118164,-0.019399166107177734,0.3892943859100342
Mica_0000836_virtual_80_stropt.cif,-7.267354,2.8923700086383444,1.3498730659484863,1.3132250308990479,4.944518566131592,0.2967100143432617
Mica_0000836_virtual_84_stropt.cif,-7.2643337,2.879513583318031,1.0298516750335693,0.5459383726119995,5.0557942390441895,0.3394734859466553
Mica_0000836_virtual_87_stropt.cif,-7.2648273,2.894162660581643,0.8737873435020447,0.8179036974906921,4.91071081161499,0.286024808883667
Mica_0000836_virtual_152_stropt.cif,-7.2658944,2.8769969193982923,0.7248595356941223,0.5440220832824707,4.588874340057373,0.45560145378112793
Mica_0000836_virtual_71_stropt.cif,-7.262137,2.881466962188593,1.0895646810531616,0.7511471509933472,4.832912445068359,0.3087809085845947
Mica_0000836_virtual_10_stropt.cif,-7.2644424,2.8852704366521706,1.5333706140518188,0.5794193744659424,-0.012440800666809082,0.29826176166534424
Mica_0000836_virtual_268_stropt.cif,-7.266317,2.8935801754752095,1.0353002548217773,0.48320984840393066,4.773929119110107,0.23924338817596436
Mica_0000836_virtual_169_stropt.cif,-7.262701,2.8741272943378164,0.9681285619735718,0.7597134113311768,4.929675102233887,0.30676281452178955
Mica_0000836_virtual_115_stropt.cif,-7.2625003,2.8938845986540698,1.423061728477478,1.0013141632080078,5.135237693786621,0.28577446937561035
Mica_0000836_virtual_4_stropt.cif,-7.256741,2.8736044746112093,1.3884729146957397,0.5947272181510925,5.115706920623779,0.26323485374450684
Mica_0000836_virtual_159_stropt.cif,-7.2643623,2.8809013751132015,-0.01092219352722168,0.502011775970459,-0.01890730857849121,0.27333498001098633
Mica_0000836_virtual_226_stropt.cif,-7.2676563,2.8915276723702594,0.5591739416122437,0.5102605819702148,5.053341865539551,0.35018908977508545
Mica_0000836_virtual_255_stropt.cif,-7.2644496,2.8831530223184862,1.0393500328063965,0.44040441513061523,4.625507354736328,0.30726420879364014
Mica_0000836_virtual_217_stropt.cif,-7.265578,2.8878053613851633,1.2681571245193481,0.44596219062805176,-0.020859956741333008,0.34512364864349365
Mica_0000836_virtual_327_stropt.cif,-7.2665796,2.881060956629328,-0.016841888427734375,0.3983646631240845,-0.02096545696258545,-0.012227773666381836
Mica_0000836_virtual_93_stropt.cif,-7.2646227,2.8885245470987964,1.237087607383728,0.9413564205169678,5.052188873291016,0.3369278907775879
Mica_0000836_virtual_183_stropt.cif,-7.2686405,2.8823707933142546,1.113005518913269,0.46725594997406006,4.733011722564697,0.5111585855484009
Mica_0000836_virtual_91_stropt.cif,-7.265648,2.876760468108897,-0.016840815544128418,0.4586660861968994,-0.016439080238342285,-0.014015436172485352
Mica_0000836_virtual_355_stropt.cif,-7.2585607,2.8781903318294986,1.3927216529846191,1.440487265586853,4.999853134155273,0.22712981700897217
Mica_0000836_virtual_391_stropt.cif,-7.2681823,2.885317269464704,1.1518852710723877,0.5958995819091797,4.348911762237549,0.36091721057891846
Mica_0000836_virtual_294_stropt.cif,-7.26891,2.888058110949943,0.8985949754714966,0.584883451461792,4.91094446182251,0.3293386697769165
Mica_0000836_virtual_113_stropt.cif,-7.265734,2.878994028748895,0.40522801876068115,0.4005340337753296,-0.017826557159423828,0.2883206605911255
Mica_0000836_virtual_203_stropt.cif,-7.265303,2.889180516008999,-0.017013072967529297,0.33929121494293213,-0.017230987548828125,-0.013614177703857422
Mica_0000836_virtual_222_stropt.cif,-7.2655635,2.8883167206890104,0.3937489986419678,1.1308975219726562,4.751287460327148,0.3424644470214844
Mica_0000836_virtual_337_stropt.cif,-7.2664795,2.8734199768195676,0.8156834840774536,0.4970747232437134,-0.01672673225402832,0.16422152519226074
Mica_0000836_virtual_130_stropt.cif,-7.264262,2.8867835582523966,-0.016842365264892578,0.3855947256088257,-0.017046809196472168,-0.013570070266723633
Mica_0000836_virtual_297_stropt.cif,-7.2643037,2.8825124058670037,0.9173715710639954,0.49765217304229736,4.583887100219727,0.29842960834503174
Mica_0000836_virtual_314_stropt.cif,-7.2651825,2.8866642117339283,0.9773269295692444,0.6117348074913025,4.864842414855957,0.3289300203323364
Mica_0000836_virtual_26_stropt.cif,-7.2642097,2.879636398367234,1.2031323909759521,1.8725016117095947,4.8546319007873535,0.31134772300720215
Mica_0000836_virtual_202_stropt.cif,-7.2617292,2.8762134775525237,0.915229082107544,0.6135202646255493,5.124114036560059,0.3481435775756836
Mica_0000836_virtual_160_stropt.cif,-7.268327,2.889727899439816,0.9581919312477112,0.6721798181533813,4.881609916687012,0.3690199851989746
Mica_0000836_virtual_81_stropt.cif,-7.263568,2.8893134020395754,0.9471873044967651,0.46553707122802734,5.097177028656006,0.2459315061569214
Mica_0000836_virtual_346_stropt.cif,-7.2581716,2.873034819859807,1.5982025861740112,0.7674465179443359,4.882971286773682,0.32574260234832764
Mica_0000836_virtual_147_stropt.cif,-7.263171,2.892242338065298,1.2607821226119995,0.5488005876541138,-0.020178794860839844,0.23455917835235596
Mica_0000836_virtual_289_stropt.cif,-7.2651367,2.886970551375734,0.8448802828788757,0.7559328079223633,4.984603404998779,0.33505451679229736
Mica_0000836_virtual_333_stropt.cif,-7.264662,2.8794606067140487,0.9521080255508423,0.5691418647766113,4.911969184875488,0.26197874546051025
Mica_0000836_virtual_104_stropt.cif,-7.2681866,2.8932260557433453,1.1403475999832153,0.6074661612510681,4.922228813171387,0.3094133138656616
Mica_0000836_virtual_155_stropt.cif,-7.2648067,2.8831134001227436,1.1215533018112183,0.540034294128418,4.824467182159424,0.2868537902832031
Mica_0000836_virtual_220_stropt.cif,-7.2683096,2.8874611363444624,1.2319797277450562,1.3534055948257446,4.877715110778809,0.22971618175506592
Mica_0000836_virtual_330_stropt.cif,-7.263831,2.8829334683982175,1.303889513015747,0.4534567594528198,5.0260844230651855,0.27447307109832764
Mica_0000836_virtual_254_stropt.cif,-7.259613,2.887004978452806,1.439798355102539,0.549416184425354,4.843811988830566,0.3058314323425293
Mica_0000836_virtual_241_stropt.cif,-7.2703867,2.887830858525943,1.0760152339935303,4.734060764312744,4.2123613357543945,0.2917274236679077
Mica_0000836_virtual_158_stropt.cif,-7.2633553,2.8791081535950394,1.285123586654663,4.108096122741699,5.099036693572998,0.32649195194244385
Mica_0000836_virtual_353_stropt.cif,-7.2653565,2.8802293918494075,0.6094393134117126,0.5142529010772705,5.060019016265869,0.29182446002960205
Mica_0000836_virtual_70_stropt.cif,-7.258916,2.8850680718901196,1.3520690202713013,0.5052108764648438,4.929111480712891,0.1928929090499878
Mica_0000836_virtual_67_stropt.cif,-7.2632413,2.879172679434307,1.2467257976531982,0.2853562831878662,3.4474997520446777,0.30140161514282227
Mica_0000836_virtual_307_stropt.cif,-7.268265,2.8835188326743637,0.8948453068733215,0.5514112710952759,4.332990646362305,0.3096158504486084
Mica_0000836_virtual_345_stropt.cif,-7.2638993,2.882266139177893,1.3339653015136719,0.951384961605072,-0.007811427116394043,0.25728166103363037
Mica_0000836_virtual_60_stropt.cif,-7.2653847,2.8800228562631682,0.9156744480133057,0.4657853841781616,4.930025577545166,0.3188958168029785
Mica_0000836_virtual_280_stropt.cif,-7.264337,2.8863112062389673,1.223790168762207,0.4129471778869629,4.751586437225342,0.27790701389312744
Mica_0000836_virtual_338_stropt.cif,-7.26485,2.885821030977561,1.026953935623169,0.8245965838432312,5.144239902496338,0.23458564281463623
Mica_0000836_virtual_265_stropt.cif,-7.2660055,2.883344828840245,1.194204330444336,1.0431110858917236,5.072674751281738,0.3268294334411621
Mica_0000836_virtual_56_stropt.cif,-7.268209,2.89088543130856,1.0167436599731445,1.1969068050384521,4.613619327545166,0.2985135316848755
Mica_0000836_virtual_153_stropt.cif,-7.2647443,2.879997275472752,1.0209369659423828,0.5858777761459351,4.897116184234619,0.3393981456756592
Mica_0000836_virtual_324_stropt.cif,-7.2678843,2.8797969713935117,1.1710493564605713,0.6830047369003296,4.492344856262207,0.3828854560852051
Mica_0000836_virtual_82_stropt.cif,-7.264125,2.8971801030990454,1.0813674926757812,0.5265965461730957,4.943886756896973,0.27782177925109863
Mica_0000836_virtual_184_stropt.cif,-7.263914,2.8816366642534916,1.0885043144226074,1.3630404472351074,4.925409317016602,0.2674744129180908
Mica_0000836_virtual_136_stropt.cif,-7.2680893,2.879025365997775,0.015056133270263672,0.3622945547103882,-0.01769411563873291,-0.0006697177886962891
Mica_0000836_virtual_99_stropt.cif,-7.268766,2.8865879020524483,0.5531758069992065,0.5616351366043091,4.645454406738281,0.3331148624420166
Mica_0000836_virtual_48_stropt.cif,-7.264583,2.8944455576012382,1.2591344118118286,1.1362380981445312,4.968563079833984,0.21640288829803467
Mica_0000836_virtual_137_stropt.cif,-7.2650146,2.883830135657301,1.4308180809020996,0.9451378583908081,-0.013444781303405762,0.27060019969940186
Mica_0000836_virtual_300_stropt.cif,-7.260871,2.8764766975806695,1.130023717880249,0.6325389742851257,5.0222296714782715,0.3811300992965698
Mica_0000836_virtual_369_stropt.cif,-7.2657557,2.87984985576165,1.2216081619262695,1.393582820892334,4.71746301651001,0.35736095905303955
Mica_0000836_virtual_177_stropt.cif,-7.260055,2.887484072898849,1.1923534870147705,0.5911167860031128,5.127822399139404,0.2591729164123535
Mica_0000836_virtual_389_stropt.cif,-7.2685533,2.8835843629637408,0.8265163898468018,0.8084201812744141,4.299155235290527,0.3510686159133911
Mica_0000836_virtual_386_stropt.cif,-7.2612095,2.882160258660409,1.0274384021759033,0.6151793599128723,4.964616775512695,0.26640784740448
Mica_0000836_virtual_250_stropt.cif,-7.2645364,2.883242512311135,0.6044666767120361,1.060723066329956,4.48456335067749,0.25798189640045166
Mica_0000836_virtual_310_stropt.cif,-7.263374,2.886692407799192,1.3886522054672241,0.9923041462898254,-0.013756036758422852,0.1901782751083374
Mica_0000836_virtual_320_stropt.cif,-7.264603,2.8793741544856624,1.1076067686080933,0.47594451904296875,-0.01748216152191162,0.20092427730560303
Mica_0000836_virtual_47_stropt.cif,-7.264687,2.8826173060087052,1.2496585845947266,0.7296414375305176,4.886290550231934,0.3384593725204468
Mica_0000836_virtual_214_stropt.cif,-7.2658772,2.8896912840207354,0.18226706981658936,3.8568496704101562,5.04378604888916,0.2661263942718506
Mica_0000836_virtual_8_stropt.cif,-7.2674546,2.892817093336685,0.785973072052002,0.560907244682312,4.586151599884033,0.3032873868942261
Mica_0000836_virtual_92_stropt.cif,-7.260444,2.8792248281610417,1.5217406749725342,1.017641305923462,-0.013657212257385254,0.29048097133636475
Mica_0000836_virtual_394_stropt.cif,-7.269568,2.8797468475204346,-0.016577959060668945,0.4393213987350464,-0.01603078842163086,-0.007631659507751465
Mica_0000836_virtual_90_stropt.cif,-7.2666416,2.8881153054618616,0.9983283877372742,0.8764855861663818,4.896211624145508,0.35260581970214844
Mica_0000836_virtual_123_stropt.cif,-7.262632,2.8865677835954915,1.3127168416976929,1.041504144668579,0.0037516355514526367,0.262548565864563
Mica_0000836_virtual_6_stropt.cif,-7.2581186,2.8796100044142863,1.3767019510269165,3.8466978073120117,5.058924674987793,0.24579691886901855
Mica_0000836_virtual_370_stropt.cif,-7.26524,2.8830747000855386,1.1423827409744263,0.6055395007133484,4.484430313110352,0.3821979761123657
Mica_0000836_virtual_258_stropt.cif,-7.268801,2.8931019430923093,0.8660497069358826,0.5168294906616211,4.448525905609131,0.37150871753692627
Mica_0000836_virtual_103_stropt.cif,-7.263928,2.8807534969508146,1.3096188306808472,0.9245378375053406,4.922992706298828,0.3423616886138916
Mica_0000836_virtual_23_stropt.cif,-7.265567,2.884203042474974,1.065831184387207,0.6573947072029114,4.837438106536865,0.2742037773132324
Mica_0000836_virtual_144_stropt.cif,-7.261184,2.8797088349937336,1.4622035026550293,0.6326348781585693,5.018727779388428,0.27396535873413086
Mica_0000836_virtual_239_stropt.cif,-7.263932,2.888953440275137,1.1838524341583252,0.6443941593170166,5.157324314117432,0.3140159845352173
Mica_0000836_virtual_273_stropt.cif,-7.268677,2.885921185100184,0.9065669178962708,0.4800039529800415,-0.017542243003845215,0.3182286024093628
Mica_0000836_virtual_180_stropt.cif,-7.260854,2.8856133386241316,1.0651459693908691,0.4865826368331909,-0.02096998691558838,0.28901171684265137
Mica_0000836_virtual_225_stropt.cif,-7.26695,2.888173107941981,0.9641108512878418,4.579438209533691,4.7717790603637695,0.3255053758621216
Mica_0000836_virtual_392_stropt.cif,-7.268565,2.886289363441985,0.255448579788208,0.3618427515029907,-0.017213106155395508,0.07316279411315918
Mica_0000836_virtual_286_stropt.cif,-7.2557526,2.8812941241315353,1.611112356185913,0.6493275761604309,3.5610432624816895,0.2750445604324341
Mica_0000836_virtual_178_stropt.cif,-7.2621355,2.871025828728268,1.3975930213928223,0.5764173269271851,3.7776575088500977,0.2949758768081665
Mica_0000836_virtual_139_stropt.cif,-7.2621007,2.878443995903578,0.9801374077796936,0.5284335613250732,-0.01990830898284912,0.26157987117767334
Mica_0000836_virtual_74_stropt.cif,-7.2602797,2.8785375293191757,1.1417083740234375,0.4797896146774292,-0.01708054542541504,0.24025797843933105
Mica_0000836_virtual_347_stropt.cif,-7.264627,2.8831778440923563,0.37195706367492676,0.46961796283721924,-0.01735210418701172,0.03337502479553223
Mica_0000836_virtual_13_stropt.cif,-7.2604446,2.8765252313597904,1.0887705087661743,0.6729390621185303,4.949948310852051,0.24393749237060547
Mica_0000836_virtual_332_stropt.cif,-7.2615814,2.8820206372945942,1.1799432039260864,0.6704974174499512,5.143023490905762,0.31445109844207764
Mica_0000836_virtual_379_stropt.cif,-7.2619896,2.88486929649933,1.0936863422393799,0.6968846321105957,5.124902248382568,0.22914338111877441
Mica_0000836_virtual_55_stropt.cif,-7.2634087,2.8864386992829387,1.513344645500183,0.5446609258651733,-0.019139766693115234,0.21090197563171387
Mica_0000836_virtual_206_stropt.cif,-7.2649965,2.890898968699907,0.8917773962020874,0.4055289030075073,5.115512371063232,0.29576003551483154
Mica_0000836_virtual_5_stropt.cif,-7.265847,2.8796548089731133,0.8549981713294983,0.35404646396636963,-0.01781904697418213,0.2775442600250244
Mica_0000836_virtual_154_stropt.cif,-7.2654185,2.8868813167865985,0.5909417867660522,0.6926309466362,5.046442985534668,0.29452836513519287
Mica_0000836_virtual_51_stropt.cif,-7.2661705,2.878348423393486,0.944287896156311,0.8550365567207336,4.997084140777588,0.26723718643188477
Mica_0000836_virtual_360_stropt.cif,-7.2657423,2.8847438643812273,1.0149881839752197,0.5012259483337402,-0.017770051956176758,0.2374640703201294
Mica_0000836_virtual_108_stropt.cif,-7.2671103,2.8836518299440965,1.3485121726989746,2.4133949279785156,4.701928615570068,0.26085126399993896
Mica_0000836_virtual_11_stropt.cif,-7.267625,2.88243772701122,0.7499158382415771,0.7459558248519897,4.77770471572876,0.33491408824920654
Mica_0000836_virtual_384_stropt.cif,-7.2648463,2.8901164317548425,1.0759100914001465,0.9355649948120117,0.032979607582092285,0.256747841835022
Mica_0000836_virtual_22_stropt.cif,-7.266938,2.8795590099089776,0.9038184285163879,0.631220817565918,4.7110137939453125,0.35035669803619385
Mica_0000836_virtual_232_stropt.cif,-7.266118,2.883959155864392,1.2231183052062988,0.5091441869735718,-0.01860654354095459,0.25676143169403076
Mica_0000836_virtual_42_stropt.cif,-7.262704,2.8877849524452133,1.4979618787765503,0.9867376685142517,-0.014790058135986328,0.2609621286392212
Mica_0000836_virtual_195_stropt.cif,-7.266117,2.8885661190887144,0.8432969450950623,4.518366813659668,4.973855018615723,0.3018397092819214
Mica_0000836_virtual_106_stropt.cif,-7.267361,2.8854804844093698,0.9942097663879395,0.523552417755127,4.869224548339844,0.29818034172058105
Mica_0000836_virtual_88_stropt.cif,-7.2630696,2.8842898242944552,1.424195647239685,0.7087874412536621,-0.019486188888549805,0.06981039047241211
Mica_0000836_virtual_207_stropt.cif,-7.2644076,2.894943238045091,1.2593673467636108,0.8105782866477966,4.760105133056641,0.34584128856658936
Mica_0000836_virtual_53_stropt.cif,-7.2643785,2.8790559629938763,1.2406799793243408,0.4327305555343628,-0.0167618989944458,0.2992771863937378
Mica_0000836_virtual_209_stropt.cif,-7.263696,2.8857272928450475,1.0646729469299316,0.427850604057312,-0.01999819278717041,0.303507924079895
Mica_0000836_virtual_383_stropt.cif,-7.2634706,2.8753638089777227,1.4086254835128784,0.46559572219848633,-0.0174407958984375,0.28369343280792236
Mica_0000836_virtual_45_stropt.cif,-7.2566104,2.8767997214866243,1.575600266456604,1.0775901079177856,4.900763988494873,0.30390799045562744
Mica_0000836_virtual_376_stropt.cif,-7.270011,2.89108646336045,0.4006617069244385,4.7608160972595215,4.728792190551758,0.29763197898864746
Mica_0000836_virtual_350_stropt.cif,-7.2659707,2.888274486471331,0.9631580114364624,0.539888858795166,4.697098731994629,0.497586727142334
Mica_0000836_virtual_185_stropt.cif,-7.264993,2.883852181869471,0.9690955281257629,3.111215591430664,4.261912822723389,0.3459526300430298
Mica_0000836_virtual_189_stropt.cif,-7.267925,2.8939444162821486,1.320407509803772,1.179158329963684,4.9901041984558105,0.26257598400115967
Mica_0000836_virtual_238_stropt.cif,-7.2581735,2.8724534639532315,1.1464943885803223,0.6191075444221497,-0.019880175590515137,0.273545503616333
Mica_0000836_virtual_134_stropt.cif,-7.2639866,2.8929687442391008,1.0730936527252197,0.5351142883300781,5.0017008781433105,0.2269343137741089
Mica_0000836_virtual_44_stropt.cif,-7.2621155,2.880599445934553,0.8979678750038147,0.5658102035522461,4.8903913497924805,0.35871267318725586
Mica_0000836_virtual_292_stropt.cif,-7.259511,2.8797128995283514,1.2001934051513672,1.0226229429244995,4.995660781860352,0.25382184982299805
Mica_0000836_virtual_329_stropt.cif,-7.268286,2.8858053925198086,1.3769749402999878,0.9751825928688049,-0.007631063461303711,0.3254876136779785
Mica_0000836_virtual_111_stropt.cif,-7.2694306,2.8876695710843787,1.262403964996338,1.233428955078125,4.760533809661865,0.34558796882629395
Mica_0000836_virtual_145_stropt.cif,-7.2637115,2.886721949695229,0.9374477863311768,0.4921990633010864,-0.020000100135803223,0.22747063636779785
Mica_0000836_virtual_359_stropt.cif,-7.258296,2.882933412232896,0.897014856338501,0.6120715737342834,-0.020456552505493164,0.23827683925628662
Mica_0000836_virtual_357_stropt.cif,-7.264063,2.8802762732897014,1.2308039665222168,0.5574148893356323,4.940837860107422,0.3211709260940552
Mica_0000836_virtual_128_stropt.cif,-7.2621927,2.884907328710898,1.0153131484985352,0.98711097240448,5.0948567390441895,0.2796621322631836
Mica_0000836_virtual_193_stropt.cif,-7.26455,2.889156356083397,1.2877321243286133,2.16910457611084,5.032513618469238,0.23479068279266357
Mica_0000836_virtual_33_stropt.cif,-7.2651954,2.885573812969729,1.383170485496521,1.5013350248336792,4.415384769439697,0.28476667404174805
Mica_0000836_virtual_279_stropt.cif,-7.267181,2.8891838366166067,0.913465142250061,0.4242255687713623,-0.016652822494506836,0.12984800338745117
Mica_0000836_virtual_305_stropt.cif,-7.260068,2.8713102521136444,1.6639258861541748,1.4852253198623657,4.877286434173584,0.31838202476501465
Mica_0000836_virtual_121_stropt.cif,-7.2622113,2.884510299360412,1.4428857564926147,1.1025817394256592,5.133723735809326,0.24285471439361572
Mica_0000836_virtual_24_stropt.cif,-7.264248,2.888478393600672,0.7023361325263977,0.3261842727661133,-0.020547986030578613,0.17569482326507568
Mica_0000836_virtual_190_stropt.cif,-7.267054,2.889932777330462,1.0871474742889404,0.5466065406799316,4.323051929473877,0.32634496688842773
Mica_0000836_virtual_266_stropt.cif,-7.266198,2.88939715053014,1.2516218423843384,1.2539125680923462,4.952681064605713,0.3517996072769165
Mica_0000836_virtual_377_stropt.cif,-7.26782,2.8906280119504615,0.6862720251083374,0.36200881004333496,-0.016637206077575684,0.19599652290344238
Mica_0000836_virtual_236_stropt.cif,-7.264771,2.8796375442946553,1.3721145391464233,1.014074683189392,-0.013256072998046875,0.006961941719055176
Mica_0000836_virtual_107_stropt.cif,-7.261671,2.8858094409124395,1.4357144832611084,0.35667920112609863,-0.019621729850769043,0.30092668533325195
Mica_0000836_virtual_270_stropt.cif,-7.2582026,2.8860201152639706,1.313889503479004,0.535365104675293,-0.02153646945953369,0.21462273597717285
Mica_0000836_virtual_325_stropt.cif,-7.26529,2.888662880179344,-0.012239933013916016,0.504947304725647,-0.016568422317504883,0.01609337329864502
Mica_0000836_virtual_269_stropt.cif,-7.2636003,2.8862272035043444,1.054633617401123,1.0910637378692627,4.794617652893066,0.31635451316833496
Mica_0000836_virtual_317_stropt.cif,-7.2656937,2.889708413816903,0.6261253356933594,0.7590581774711609,5.09981107711792,0.31331193447113037
Mica_0000836_virtual_301_stropt.cif,-7.2590456,2.876647202664651,1.3675379753112793,0.556620717048645,5.1394944190979,0.28460168838500977
Mica_0000836_virtual_1_stropt.cif,-7.26971,2.8933655258065634,1.1169497966766357,1.1337792873382568,4.731003284454346,0.26245951652526855
Mica_0000836_virtual_398_stropt.cif,-7.2559347,2.872868186424653,1.4609472751617432,0.5724204778671265,-0.020689725875854492,0.2794649600982666
Mica_0000836_virtual_358_stropt.cif,-7.2683372,2.89702884041352,0.005387783050537109,0.3473799228668213,-0.018214702606201172,-0.006660938262939453
Mica_0000836_virtual_116_stropt.cif,-7.2640653,2.8818047659852675,1.1410866975784302,0.528194785118103,4.915159225463867,0.30658435821533203
Mica_0000836_virtual_64_stropt.cif,-7.266407,2.884677887241226,-0.011730551719665527,0.4163520336151123,-0.017764806747436523,-0.011075854301452637
Mica_0000836_virtual_0_stropt.cif,-7.26616,2.8889642854135635,1.192352533340454,0.4376314878463745,4.795839786529541,0.3384370803833008
Mica_0000836_virtual_375_stropt.cif,-7.261584,2.880411398397652,1.3904839754104614,0.3828465938568115,-0.02050793170928955,0.24569332599639893
Mica_0000836_virtual_95_stropt.cif,-7.261998,2.8832474892032836,0.005702376365661621,0.44041264057159424,-0.020958423614501953,0.21690666675567627
Mica_0000836_virtual_105_stropt.cif,-7.2655654,2.875048067087845,1.2820158004760742,0.9272975325584412,4.576455116271973,0.3705763816833496
Mica_0000836_virtual_39_stropt.cif,-7.2646,2.879475864663534,0.9340277910232544,1.0834553241729736,5.078369140625,0.2950965166091919
Mica_0000836_virtual_216_stropt.cif,-7.265705,2.888476461987021,1.2670263051986694,0.4774131774902344,-0.0204315185546875,0.2775810956954956
Mica_0000836_virtual_227_stropt.cif,-7.2628255,2.8951508963641914,1.306531310081482,2.1379880905151367,5.130040168762207,0.23636281490325928
Mica_0000836_virtual_237_stropt.cif,-7.262472,2.8736151543240642,-0.016939997673034668,0.39639782905578613,-0.018464326858520508,0.26205480098724365
Mica_0000836_virtual_54_stropt.cif,-7.262265,2.883764949787324,1.3414125442504883,1.5218268632888794,5.086014747619629,0.25710105895996094
Mica_0000836_virtual_228_stropt.cif,-7.2587757,2.890479192728523,1.6593085527420044,0.41797900199890137,-0.02142345905303955,0.19993197917938232
Mica_0000836_virtual_339_stropt.cif,-7.2637167,2.8829776022325215,1.2675827741622925,0.6379870772361755,4.5686540603637695,0.23845338821411133
Mica_0000836_virtual_271_stropt.cif,-7.259638,2.8747549403126635,1.3401542901992798,0.8662295341491699,5.056501865386963,0.3038136959075928
Mica_0000836_virtual_138_stropt.cif,-7.2621975,2.8882013727359794,1.4369585514068604,0.8751132488250732,5.151888370513916,0.26210224628448486
Mica_0000836_virtual_9_stropt.cif,-7.2618904,2.8839839759554082,-0.016901612281799316,0.4572335481643677,-0.020223617553710938,0.09597861766815186
Mica_0000836_virtual_215_stropt.cif,-7.26205,2.887473299411853,0.9918543100357056,0.5596959590911865,-0.015471458435058594,0.2577705383300781
Mica_0000836_virtual_388_stropt.cif,-7.2661877,2.8806602513159043,0.9496208429336548,0.8617379069328308,4.9424567222595215,0.3172115087509155
Mica_0000836_virtual_385_stropt.cif,-7.2616057,2.8745521747231213,-0.016932964324951172,0.35628747940063477,-0.017413973808288574,-0.01596999168395996
Mica_0000836_virtual_278_stropt.cif,-7.265164,2.873760367176127,0.48022031784057617,0.5378795862197876,4.838223457336426,0.41788220405578613
Mica_0000836_virtual_129_stropt.cif,-7.266754,2.8856289712237806,0.6681669354438782,0.43114030361175537,4.909106731414795,0.26396989822387695
Mica_0000836_virtual_101_stropt.cif,-7.264035,2.8849308892364185,1.3762574195861816,0.4102184772491455,-0.01948690414428711,0.22100317478179932
Mica_0000836_virtual_186_stropt.cif,-7.2678847,2.8814570794893695,1.301300287246704,0.5593051910400391,4.687304973602295,0.293613076210022
Mica_0000836_virtual_343_stropt.cif,-7.2624493,2.872071755248324,1.3701322078704834,0.5226707458496094,5.004578590393066,0.3033064603805542
Mica_0000836_virtual_146_stropt.cif,-7.2634416,2.88673717250291,-0.011205077171325684,0.8365484476089478,-0.014384627342224121,-0.0066002607345581055
Mica_0000836_virtual_187_stropt.cif,-7.2611914,2.8739926938175024,1.242469072341919,0.6558935642242432,4.6565446853637695,0.31048691272735596
Mica_0000836_virtual_229_stropt.cif,-7.2692595,2.8765712345073133,0.02473604679107666,0.3836158514022827,-0.016213059425354004,0.3579261302947998
Mica_0000836_virtual_29_stropt.cif,-7.263085,2.874412060312745,1.5316381454467773,1.1939165592193604,0.42990291118621826,0.2655109167098999
Mica_0000836_virtual_175_stropt.cif,-7.263039,2.877596128350366,1.4209096431732178,1.9461948871612549,4.913827896118164,0.34001219272613525
Mica_0000836_virtual_247_stropt.cif,-7.2609653,2.8758874348515246,1.2915159463882446,0.37440216541290283,-0.02038276195526123,0.2559521198272705
Mica_0000836_virtual_68_stropt.cif,-7.267227,2.8838178007130404,1.4719077348709106,1.075750708580017,-0.009177088737487793,0.037926316261291504
Mica_0000836_virtual_61_stropt.cif,-7.2601748,2.8881052991887213,1.1645188331604004,4.506349563598633,5.044309139251709,0.30956709384918213
Mica_0000836_virtual_361_stropt.cif,-7.265423,2.8790500682264377,1.3621841669082642,0.5665508508682251,4.350499629974365,0.20415234565734863
Mica_0000836_virtual_288_stropt.cif,-7.2646165,2.889931134908826,1.2498705387115479,4.118668556213379,4.876935958862305,0.3658350706100464
Mica_0000836_virtual_65_stropt.cif,-7.264736,2.8790852543159766,1.1918678283691406,1.3209173679351807,4.479177474975586,0.2832484245300293
Mica_0000836_virtual_298_stropt.cif,-7.265848,2.8810577335902554,0.31926655769348145,0.4759354591369629,-0.012577056884765625,0.34392309188842773
Mica_0000836_virtual_234_stropt.cif,-7.2647276,2.880073673729431,1.0644516944885254,0.5296832323074341,2.4476137161254883,0.38252687454223633
Mica_0000836_virtual_380_stropt.cif,-7.2668667,2.886406151318428,1.2917072772979736,1.0386714935302734,5.006271839141846,0.21115899085998535
Mica_0000836_virtual_213_stropt.cif,-7.2637906,2.8770105217487467,0.9882250428199768,0.8009406924247742,5.094651222229004,0.28323662281036377
Mica_0000836_virtual_36_stropt.cif,-7.2677937,2.8941285801927807,0.9568181037902832,3.5575995445251465,4.8800764083862305,0.3134441375732422
Mica_0000836_virtual_290_stropt.cif,-7.266512,2.877262848021376,0.44779860973358154,0.5470466613769531,4.906937122344971,0.280600905418396
Mica_0000836_virtual_335_stropt.cif,-7.264162,2.8775649233391802,-0.016198158264160156,0.42270636558532715,-0.016476988792419434,-0.012757182121276855
Mica_0000836_virtual_40_stropt.cif,-7.26153,2.8771586701988565,0.6718249917030334,0.4414762258529663,-0.019005656242370605,0.006381392478942871
Mica_0000836_virtual_117_stropt.cif,-7.2599716,2.868780849233249,1.165273904800415,0.6320834755897522,5.021238803863525,0.3278217315673828
Mica_0000836_virtual_150_stropt.cif,-7.2638984,2.881020493743011,1.0029311180114746,0.4329555034637451,4.771546840667725,0.308225154876709
Mica_0000836_virtual_223_stropt.cif,-7.2664227,2.877648879047206,0.8048111796379089,0.46739113330841064,4.07220983505249,0.4217977523803711
Mica_0000836_virtual_257_stropt.cif,-7.2655745,2.895250283366614,1.0992395877838135,0.5396926403045654,5.096221923828125,0.2995884418487549
Mica_0000836_virtual_110_stropt.cif,-7.2674336,2.8866289898277238,1.2146697044372559,0.5711445808410645,5.018904209136963,0.34913182258605957
Mica_0000836_virtual_127_stropt.cif,-7.2583156,2.8742663227914367,1.2769805192947388,0.5558147430419922,-0.019526958465576172,0.170151948928833
Mica_0000836_virtual_344_stropt.cif,-7.260167,2.8896002940864776,1.2865322828292847,0.9648574590682983,5.10764741897583,0.27274858951568604
Mica_0000836_virtual_77_stropt.cif,-7.265787,2.8879968390107598,0.989113986492157,0.4283829927444458,-0.01822340488433838,0.3115992546081543
Mica_0000836_virtual_309_stropt.cif,-7.2651305,2.883740104664893,0.9612640738487244,0.9728888869285583,5.078882217407227,0.2705247402191162
Mica_0000836_virtual_109_stropt.cif,-7.268294,2.8861820224955053,1.0219552516937256,2.9581596851348877,4.820438861846924,0.28427445888519287
Mica_0000836_virtual_89_stropt.cif,-7.2683682,2.886997544574444,0.5136687755584717,4.762594699859619,4.743269920349121,0.2985042333602905
Mica_0000836_virtual_303_stropt.cif,-7.2583003,2.8723698973766463,1.1860418319702148,0.4985983371734619,3.565444231033325,0.22663068771362305
Mica_0000836_virtual_368_stropt.cif,-7.2552605,2.869455872701196,1.275874137878418,0.6187821626663208,4.92085075378418,0.2972654104232788
Mica_0000836_virtual_251_stropt.cif,-7.2660913,2.8856841366110135,0.3049074411392212,0.4595373868942261,-0.018380045890808105,0.24936151504516602
Mica_0000836_virtual_364_stropt.cif,-7.2693753,2.8907736635575216,0.7594356536865234,4.34661340713501,4.488411903381348,0.37201786041259766
Mica_0000836_virtual_125_stropt.cif,-7.2649155,2.883760213735182,1.1716063022613525,0.4623342752456665,-0.01804506778717041,0.34985196590423584
Mica_0000836_virtual_72_stropt.cif,-7.2632065,2.882692221629135,1.2136598825454712,0.4011819362640381,-0.019197583198547363,0.23503470420837402
Mica_0000836_virtual_245_stropt.cif,-7.262622,2.8706771814817387,0.0793612003326416,0.4792358875274658,-0.018292665481567383,-0.01405799388885498
Mica_0000836_virtual_221_stropt.cif,-7.256316,2.887965402617962,0.9645706415176392,0.5411942005157471,4.28385066986084,0.28266990184783936
Mica_0000836_virtual_78_stropt.cif,-7.264841,2.8877919844909914,1.3475399017333984,1.2901400327682495,4.774136543273926,0.30623555183410645
Mica_0000836_virtual_349_stropt.cif,-7.2595763,2.8785273302256913,1.1416172981262207,0.6589727401733398,5.14652681350708,0.26483631134033203
Mica_0000836_virtual_198_stropt.cif,-7.2634244,2.8862763317996056,1.4428999423980713,1.1873135566711426,3.7549238204956055,0.29793882369995117
Mica_0000836_virtual_12_stropt.cif,-7.260276,2.88749873603007,1.6880276203155518,1.0095534324645996,5.1304426193237305,0.3078097105026245
Mica_0000836_virtual_58_stropt.cif,-7.2617993,2.8864050346852967,1.7302484512329102,1.1539874076843262,5.116110801696777,0.2826155424118042
Mica_0000836_virtual_282_stropt.cif,-7.2653427,2.8855565396114944,0.7044440507888794,0.6554464101791382,5.039196014404297,0.2920362949371338
Mica_0000836_virtual_373_stropt.cif,-7.259563,2.8747727771615774,-0.017136216163635254,0.36117100715637207,-0.019247770309448242,0.17601585388183594
Mica_0000836_virtual_69_stropt.cif,-7.2623773,2.879826627597106,1.3684189319610596,0.9360310435295105,4.997569561004639,0.34377360343933105
Mica_0000836_virtual_219_stropt.cif,-7.2657733,2.885749382072899,1.4365224838256836,2.6799635887145996,4.800060749053955,0.53187096118927
Mica_0000836_virtual_231_stropt.cif,-7.2655683,2.8883647766441616,1.2515828609466553,0.7720679044723511,4.5854926109313965,0.25954222679138184
Mica_0000836_virtual_182_stropt.cif,-7.2640915,2.881963458218199,1.1023905277252197,1.3920769691467285,4.778944492340088,0.34180283546447754
Mica_0000836_virtual_27_stropt.cif,-7.2679524,2.8862137894651574,0.930827796459198,0.521959662437439,-0.01738297939300537,0.3220076560974121
Mica_0000836_virtual_399_stropt.cif,-7.263991,2.8892178741146513,0.8717472553253174,0.3666970729827881,-0.01923227310180664,0.002669215202331543
Mica_0000836_virtual_393_stropt.cif,-7.2653017,2.884988416856822,1.1878831386566162,1.8391094207763672,4.938948154449463,0.29673194885253906
Mica_0000836_virtual_179_stropt.cif,-7.263305,2.891172493267024,1.1257652044296265,0.40390241146087646,-0.016911983489990234,-0.009528160095214844
Mica_0000836_virtual_331_stropt.cif,-7.263317,2.8818718100170453,1.3486031293869019,0.48569977283477783,0.10186433792114258,0.28783512115478516
Mica_0000836_virtual_2_stropt.cif,-7.2685027,2.8811536400472493,1.3889936208724976,0.346293568611145,-0.01692044734954834,0.26897478103637695
Mica_0000836_virtual_316_stropt.cif,-7.265589,2.8859272388107655,0.8896433115005493,0.5058996677398682,4.916835308074951,0.3266792297363281
Mica_0000836_virtual_387_stropt.cif,-7.270587,2.893749650070349,0.46643829345703125,4.650909900665283,4.784440517425537,0.23076367378234863
Mica_0000836_virtual_311_stropt.cif,-7.267304,2.889970871897369,0.5975642204284668,4.785013675689697,4.657171249389648,0.34288978576660156
Mica_0000836_virtual_308_stropt.cif,-7.261209,2.876763503653565,0.008728504180908203,1.5622457265853882,-0.015519499778747559,0.1505117416381836
Mica_0000836_virtual_262_stropt.cif,-7.264116,2.8792562167507447,0.9224542379379272,0.3939579725265503,-0.01926577091217041,0.351709246635437
Mica_0000836_virtual_173_stropt.cif,-7.2585554,2.8793251152735726,1.1804144382476807,0.3982584476470947,-0.020348787307739258,0.18814492225646973
Mica_0000836_virtual_204_stropt.cif,-7.2642994,2.887514559789996,1.0686542987823486,0.49762189388275146,-0.02033853530883789,0.24016261100769043
Mica_0000836_virtual_352_stropt.cif,-7.2673683,2.881608570298914,0.9916802048683167,1.063629388809204,4.9093804359436035,0.38070619106292725
Mica_0000836_virtual_200_stropt.cif,-7.265413,2.883263558332138,1.0381094217300415,0.5601402521133423,4.939929008483887,0.27623462677001953
Mica_0000836_virtual_276_stropt.cif,-7.2646194,2.8865546598107574,1.214066982269287,1.1668461561203003,4.8474040031433105,0.25650715827941895
Mica_0000836_virtual_372_stropt.cif,-7.266362,2.881214848301223,1.3143138885498047,0.40569984912872314,-0.018519043922424316,-0.006367683410644531
Mica_0000836_virtual_31_stropt.cif,-7.27029,2.890529075045081,1.2233178615570068,2.9566783905029297,4.5618133544921875,0.2609529495239258
Mica_0000836_virtual_156_stropt.cif,-7.2662225,2.892143216171932,1.2980773448944092,0.9108961224555969,-0.014765024185180664,0.10777270793914795
Mica_0000836_virtual_395_stropt.cif,-7.267203,2.8788041369665702,0.7684813141822815,0.34963369369506836,-0.017105698585510254,0.33204102516174316
Mica_0000836_virtual_363_stropt.cif,-7.2612314,2.8885199059546314,0.9843141436576843,0.5078686475753784,5.053206920623779,0.24868416786193848
Mica_0000836_virtual_321_stropt.cif,-7.269843,2.889444308186496,1.1489555835723877,0.8574636578559875,4.711413860321045,0.22738444805145264
Mica_0000836_virtual_342_stropt.cif,-7.258663,2.8825213440767343,1.190818190574646,0.4349604845046997,5.131092548370361,0.22990739345550537
Mica_0000836_virtual_94_stropt.cif,-7.2657037,2.882014285521398,1.2088160514831543,0.6843972206115723,4.920829772949219,0.2781708240509033
Mica_0000836_virtual_244_stropt.cif,-7.2659044,2.8905295580466035,1.2191870212554932,0.9484375715255737,4.995124816894531,0.3290632963180542
Mica_0000836_virtual_246_stropt.cif,-7.2624764,2.888341551124153,0.8311261534690857,0.7327017188072205,4.956286907196045,0.28656435012817383
Mica_0000836_virtual_366_stropt.cif,-7.264323,2.8788286132609553,1.2492587566375732,0.46741294860839844,5.053149223327637,0.2599602937698364
Mica_0000836_virtual_261_stropt.cif,-7.2675285,2.886787546477778,1.349326252937317,1.6930540800094604,5.038168907165527,0.27148425579071045
Mica_0000836_virtual_367_stropt.cif,-7.262076,2.8873325680882203,1.4028055667877197,0.41329526901245117,-0.020199179649353027,-0.006203889846801758
Mica_0000836_virtual_351_stropt.cif,-7.2677827,2.8866294890676913,0.8786115050315857,0.5341657400131226,4.294584274291992,0.36321258544921875
Mica_0000836_virtual_356_stropt.cif,-7.2673593,2.8864643873474,0.9623363018035889,4.0169878005981445,4.844906806945801,0.31025922298431396
Mica_0000836_virtual_240_stropt.cif,-7.2668386,2.8830415157598406,-0.01664435863494873,0.3978540897369385,-0.016804218292236328,-0.013391852378845215
Mica_0000836_virtual_151_stropt.cif,-7.262329,2.8863046116483204,1.454468846321106,1.4003510475158691,4.6958489418029785,0.27145707607269287
Mica_0000836_virtual_274_stropt.cif,-7.2671776,2.8836147476107623,-0.014854788780212402,0.38698863983154297,-0.018362760543823242,-0.015370965003967285
Mica_0000836_virtual_38_stropt.cif,-7.258977,2.8597579637863917,1.2523565292358398,0.3895704746246338,-0.01916956901550293,0.3043687343597412
Mica_0000836_virtual_20_stropt.cif,-7.26523,2.8755377665134065,-0.017070651054382324,0.3635464906692505,-0.01811671257019043,-0.015415191650390625
Mica_0000836_virtual_378_stropt.cif,-7.261128,2.873050935013173,-0.016411185264587402,0.5434046983718872,-0.016553640365600586,-0.013448953628540039
Mica_0000836_virtual_354_stropt.cif,-7.268956,2.8853548181963733,1.4069879055023193,0.40757107734680176,-0.01652705669403076,0.29562175273895264
Mica_0000836_virtual_328_stropt.cif,-7.2622323,2.8866838740436935,-0.014499306678771973,0.5195754766464233,-0.01848900318145752,-0.013881087303161621
Mica_0000836_virtual_299_stropt.cif,-7.267295,2.8847940070999902,1.1128242015838623,0.4344630241394043,-0.01656365394592285,-0.009854316711425781
Mica_0000836_virtual_275_stropt.cif,-7.267165,2.8767211771795487,1.03268301486969,0.5145726203918457,4.263693809509277,0.3750143051147461
Mica_0000836_virtual_57_stropt.cif,-7.2626767,2.89111266667891,1.4078820943832397,1.075073480606079,4.921538352966309,0.2831437587738037
Mica_0000836_virtual_340_stropt.cif,-7.263837,2.880680248467282,1.335706353187561,0.4624447822570801,-0.019704461097717285,0.1985619068145752
Mica_0000836_virtual_201_stropt.cif,-7.2678714,2.887059943324558,0.5639917850494385,0.4436749219894409,-0.016983866691589355,0.3394395112991333
Mica_0000836_virtual_28_stropt.cif,-7.2650013,2.8873439860703947,0.9997211694717407,0.5223758220672607,4.985972881317139,0.28937065601348877
Mica_0000836_virtual_148_stropt.cif,-7.2668905,2.88700877367675,0.8773146867752075,0.5327231884002686,4.362102508544922,0.3733024597167969
Mica_0000836_virtual_277_stropt.cif,-7.266786,2.888613638592142,0.8462865948677063,0.48298847675323486,4.55779504776001,0.27554404735565186
Mica_0000836_virtual_132_stropt.cif,-7.263337,2.884078830725083,1.2111494541168213,0.44407665729522705,-0.02025151252746582,-0.0027866363525390625
Mica_0000836_virtual_163_stropt.cif,-7.2645473,2.890066108709121,0.5130167007446289,0.48132240772247314,-0.016945481300354004,0.23693764209747314
Mica_0000836_virtual_14_stropt.cif,-7.2628307,2.884473156186105,0.16892695426940918,0.41778814792633057,-0.019214510917663574,0.27263355255126953
Mica_0000836_virtual_293_stropt.cif,-7.2661314,2.8780362567551836,0.9950053691864014,0.532663106918335,4.254263877868652,0.286720871925354
Mica_0000836_virtual_16_stropt.cif,-7.267205,2.881091491579695,1.3803824186325073,0.4687180519104004,-0.016892075538635254,0.18645203113555908
Mica_0000836_virtual_382_stropt.cif,-7.265075,2.8818017365331263,0.5904701352119446,0.5367400646209717,4.9085469245910645,0.3455822467803955
Mica_0000836_virtual_210_stropt.cif,-7.2680454,2.8797146152913733,0.8635206818580627,0.5127383470535278,4.157782554626465,0.3488481044769287
Mica_0000836_virtual_172_stropt.cif,-7.2688932,2.8859347022134667,1.243099570274353,0.9497597813606262,4.969399452209473,0.3110661506652832
Mica_0000836_virtual_32_stropt.cif,-7.261997,2.877247256544584,0.07216751575469971,0.44893109798431396,-0.018916845321655273,0.05241525173187256
Mica_0000836_virtual_249_stropt.cif,-7.263867,2.883533982607628,1.3008790016174316,0.6885186433792114,5.09553861618042,0.2617943286895752
Mica_0000836_virtual_396_stropt.cif,-7.2668962,2.887395626792709,1.3218138217926025,1.0984948873519897,4.902571201324463,0.3369605541229248
Mica_0000836_virtual_381_stropt.cif,-7.261839,2.8908433848330524,1.0757547616958618,0.40509939193725586,5.013269901275635,0.2892913818359375
Mica_0000836_virtual_313_stropt.cif,-7.2694454,2.8886179037126363,0.5431660413742065,0.41521263122558594,-0.017989158630371094,0.307079553604126
Mica_0000836_virtual_397_stropt.cif,-7.2610292,2.8736452177023812,1.3007991313934326,0.48595941066741943,-0.0177382230758667,0.26379263401031494
Mica_0000836_virtual_118_stropt.cif,-7.2673264,2.8872351471381066,1.024321436882019,0.712303638458252,4.562946319580078,0.44470810890197754
Mica_0000836_virtual_76_stropt.cif,-7.27119,2.886942279931687,1.1812281608581543,1.149857521057129,3.923513412475586,0.4027189016342163
Mica_0000836_virtual_157_stropt.cif,-7.267669,2.890387790072066,0.8608914017677307,4.097632884979248,4.199563503265381,0.4036109447479248
Mica_0000836_virtual_131_stropt.cif,-7.2620544,2.8746724773441645,1.498881459236145,1.1857883930206299,-0.014954209327697754,0.18091094493865967
Mica_0000836_virtual_211_stropt.cif,-7.260953,2.8793522397888474,1.1041862964630127,0.4256587028503418,-0.017684578895568848,0.24229717254638672
Mica_0000836_virtual_326_stropt.cif,-7.2674537,2.882378085876675,0.6954706311225891,0.5266468524932861,4.75287389755249,0.3308056592941284
Mica_0000836_virtual_233_stropt.cif,-7.259185,2.8815849743698245,1.0779032707214355,1.241640329360962,4.846897602081299,0.2169632911682129
Mica_0000836_virtual_235_stropt.cif,-7.261404,2.8800908884431147,1.4728515148162842,0.5905593633651733,-0.02008652687072754,0.21277427673339844
Mica_0000836_virtual_119_stropt.cif,-7.263738,2.8764183281034965,1.2102820873260498,0.6220628619194031,-0.017267942428588867,0.2833172082901001
Mica_0000836_virtual_312_stropt.cif,-7.268023,2.888881337248257,0.8350051641464233,0.6771103739738464,5.015124797821045,0.3084373474121094
Mica_0000836_virtual_281_stropt.cif,-7.264558,2.8805481538045377,0.9948992729187012,0.5858361124992371,-0.018254876136779785,0.30998408794403076
Mica_0000836_virtual_181_stropt.cif,-7.258329,2.8805279227758014,-0.01719200611114502,0.4122469425201416,-0.020644664764404297,-0.015810012817382812
Mica_0000836_virtual_287_stropt.cif,-7.267881,2.891007643323321,0.737494945526123,0.5066283941268921,4.816445350646973,0.33591902256011963
Mica_0000836_virtual_66_stropt.cif,-7.2651243,2.8822535101629945,0.6896171569824219,2.0612664222717285,5.064072132110596,0.36542654037475586
Mica_0000836_virtual_162_stropt.cif,-7.263382,2.8830053810930676,0.24291610717773438,0.46764230728149414,-0.02073800563812256,0.28235065937042236
Mica_0000836_virtual_126_stropt.cif,-7.269443,2.8906904446395507,1.4364041090011597,1.2076845169067383,4.363083839416504,0.47883105278015137
Mica_0000836_virtual_149_stropt.cif,-7.268164,2.8837431759641903,0.8105542063713074,2.402573347091675,4.384801864624023,0.4556691646575928
Mica_0000836_virtual_264_stropt.cif,-7.2609477,2.876130830335658,-0.016744256019592285,0.4287906885147095,-0.021186113357543945,0.23751318454742432
Mica_0000836_virtual_253_stropt.cif,-7.2647295,2.880492378618136,0.4947500228881836,0.4844067096710205,4.648212432861328,0.31145763397216797
Mica_0000836_virtual_197_stropt.cif,-7.2598133,2.8823335792773506,1.615110158920288,0.5323950052261353,-0.017616868019104004,0.19557392597198486
Mica_0000836_virtual_122_stropt.cif,-7.262005,2.884763798054743,0.005928397178649902,0.3687317371368408,-0.0181734561920166,-0.008099079132080078
Mica_0000836_virtual_96_stropt.cif,-7.258213,2.870877853949568,-0.017165422439575195,0.3443688154220581,-0.01958632469177246,-0.011331796646118164
Mica_0000836_virtual_208_stropt.cif,-7.26598,2.8842244962749266,1.0412108898162842,0.8350688219070435,4.970096111297607,0.3740055561065674
Mica_0000836_virtual_284_stropt.cif,-7.2615933,2.875768115279706,1.6002240180969238,0.7628390192985535,4.970705032348633,0.28675293922424316
Mica_0000836_virtual_285_stropt.cif,-7.263302,2.8794383432962953,0.6284293532371521,0.5686216354370117,4.874742031097412,0.3348546028137207
Mica_0000836_virtual_323_stropt.cif,-7.264906,2.883067872145045,0.8097230792045593,0.4557685852050781,4.615095138549805,0.3412266969680786
Mica_0000836_virtual_390_stropt.cif,-7.2682843,2.887865068688695,0.8504058718681335,0.5011487007141113,-0.018391013145446777,0.07965850830078125
Mica_0000836_virtual_98_stropt.cif,-7.2614465,2.888676179401587,1.3777673244476318,0.6474897265434265,5.184770107269287,0.2498408555984497
Mica_0000836_virtual_259_stropt.cif,-7.268255,2.888684500463224,0.5083178281784058,0.5456732511520386,3.7337985038757324,0.4433823823928833
Mica_0000836_virtual_49_stropt.cif,-7.262874,2.8837328028753486,0.9018846750259399,0.5910896062850952,5.136638164520264,0.2654682397842407
Mica_0000836_virtual_63_stropt.cif,-7.269009,2.8826578369314575,1.2009820938110352,1.3806841373443604,4.789622783660889,0.38175511360168457
Mica_0000836_virtual_306_stropt.cif,-7.2658086,2.8814769238873437,1.052621603012085,0.5738725662231445,-0.016846060752868652,0.24386918544769287
Mica_0000836_virtual_212_stropt.cif,-7.265335,2.8856338351573987,1.2014546394348145,0.5884935259819031,4.587220668792725,0.29587483406066895
Mica_0000836_virtual_224_stropt.cif,-7.266193,2.8830483285336608,1.1711866855621338,0.9809383749961853,-0.01325690746307373,0.06343936920166016
Mica_0000836_virtual_18_stropt.cif,-7.2625313,2.8815282731874965,1.4571220874786377,0.4684208631515503,4.156109809875488,0.27676546573638916
Mica_0000836_virtual_135_stropt.cif,-7.2625017,2.8878468087736957,1.1074745655059814,0.5009597539901733,5.155402660369873,0.2670259475708008
Mica_0000836_virtual_176_stropt.cif,-7.259776,2.8831208312534824,1.433018684387207,0.6061189770698547,5.0019941329956055,0.22169971466064453
Mica_0000836_virtual_17_stropt.cif,-7.261696,2.880351080683044,0.3406407833099365,0.4480094909667969,-0.01807248592376709,0.22398078441619873
Mica_0000836_virtual_3_stropt.cif,-7.261527,2.8895726301109663,1.288544774055481,4.368778705596924,5.096792697906494,0.2764852046966553
Mica_0000836_virtual_315_stropt.cif,-7.2630963,2.8892438089263113,1.2182674407958984,0.39411699771881104,-0.0172806978225708,0.22062194347381592
Mica_0000836_virtual_140_stropt.cif,-7.268771,2.8828961045681445,1.16920006275177,0.459682822227478,4.5657854080200195,0.4918508529663086
Mica_0000836_virtual_260_stropt.cif,-7.264276,2.8788476757411585,0.9314978122711182,0.5448585748672485,5.030273914337158,0.31343650817871094
Mica_0000836_virtual_85_stropt.cif,-7.260721,2.8879531849862263,1.4890483617782593,1.0245959758758545,4.907771587371826,0.25945329666137695
Mica_0000836_virtual_291_stropt.cif,-7.2679787,2.875511688494296,0.7604646682739258,0.45876991748809814,4.6580586433410645,0.3606220483779907
Mica_0000836_virtual_102_stropt.cif,-7.259404,2.877137515053371,1.0190809965133667,0.48884284496307373,-0.020608186721801758,0.22787678241729736
Mica_0000836_virtual_52_stropt.cif,-7.266696,2.885350436683639,1.1565401554107666,0.7415310740470886,5.083624362945557,0.2578481435775757
Mica_0000836_virtual_50_stropt.cif,-7.2638297,2.8809621027894066,0.9938358068466187,0.504698634147644,1.025240182876587,0.3834221363067627
Mica_0000836_virtual_263_stropt.cif,-7.261457,2.8882273487169523,1.225595474243164,0.7561917304992676,5.011457920074463,0.20520687103271484
Mica_0000836_virtual_243_stropt.cif,-7.2655,2.8761029915634317,0.9902832508087158,0.49604976177215576,4.794245719909668,0.3789515495300293
Mica_0000836_virtual_174_stropt.cif,-7.264705,2.890530528915434,0.6128273010253906,0.898997962474823,4.923787593841553,0.30786144733428955
Mica_0000836_virtual_124_stropt.cif,-7.27059,2.8856918598867907,0.6096739172935486,0.6946597099304199,4.260190010070801,0.38447999954223633
Mica_0000836_virtual_86_stropt.cif,-7.2641478,2.885644833025568,0.04458773136138916,0.47249841690063477,-0.018233895301818848,-0.008349418640136719
Mica_0000836_virtual_133_stropt.cif,-7.262025,2.8948170619217755,1.2642786502838135,4.290683269500732,4.91067361831665,0.23436367511749268
Mica_0000836_virtual_191_stropt.cif,-7.2601676,2.8817795742349515,0.9476513862609863,0.46901047229766846,-0.019542574882507324,0.29391491413116455
Mica_0000836_virtual_43_stropt.cif,-7.2594843,2.8850718769455534,1.237410545349121,0.7052822113037109,5.145523548126221,0.2234417200088501
Mica_0000836_virtual_192_stropt.cif,-7.2615004,2.8869440490605753,1.3850209712982178,1.0541508197784424,-0.013705253601074219,0.0014834403991699219
Mica_0000836_virtual_341_stropt.cif,-7.267607,2.8765098164888037,0.8476474285125732,0.40791165828704834,4.875722885131836,0.33644938468933105
Mica_0000836_virtual_21_stropt.cif,-7.26615,2.8815399781686075,0.8891082406044006,3.8771119117736816,4.8164567947387695,0.35113203525543213
Mica_0000836_virtual_336_stropt.cif,-7.2670794,2.886902629348578,0.8243232369422913,0.42967677116394043,4.045901775360107,0.32551050186157227
Mica_0000836_virtual_168_stropt.cif,-7.261501,2.878547144699892,1.4970982074737549,0.47311997413635254,-0.018776774406433105,0.1906733512878418
Mica_0000836_virtual_374_stropt.cif,-7.268304,2.8830842145396804,0.678787887096405,1.1456660032272339,4.687619209289551,0.3320426940917969
Mica_0000836_virtual_165_stropt.cif,-7.2672305,2.8869520957148302,1.032831072807312,0.946941077709198,4.918680667877197,0.2377527952194214
Mica_0000836_virtual_112_stropt.cif,-7.258172,2.870914366212706,1.4165819883346558,0.6108372211456299,1.7814741134643555,0.28334128856658936
Mica_0000836_virtual_164_stropt.cif,-7.2643795,2.8881849635030394,0.6477632522583008,0.45354437828063965,4.345583438873291,0.36096298694610596
Mica_0000836_virtual_272_stropt.cif,-7.2654214,2.879418084384799,1.2404369115829468,0.4600484371185303,-0.016999363899230957,0.39675283432006836
Mica_0000836_virtual_30_stropt.cif,-7.2623835,2.878744220331363,-0.010103940963745117,0.6403727531433105,-0.01708817481994629,0.06256103515625
Mica_0000836_virtual_170_stropt.cif,-7.265228,2.884302402371571,1.0217602252960205,0.8167325854301453,4.976884841918945,0.27441155910491943
Mica_0000836_virtual_196_stropt.cif,-7.263741,2.8749711840754237,-0.01598381996154785,0.39037466049194336,-0.016544818878173828,-0.013164997100830078
Mica_0000836_virtual_46_stropt.cif,-7.265409,2.882097565187351,1.1027861833572388,0.5379889011383057,5.03741979598999,0.32463109493255615
Mica_0000836_virtual_161_stropt.cif,-7.2554026,2.868859942229704,1.3108131885528564,1.0477805137634277,4.70382833480835,0.27527308464050293
Mica_0000836_virtual_256_stropt.cif,-7.262656,2.8812022353954108,1.3135243654251099,1.1997051239013672,5.1429219245910645,0.2705000638961792
Mica_0000836_virtual_7_stropt.cif,-7.263343,2.889953601546118,1.0719597339630127,1.4109662771224976,5.010481834411621,0.23995769023895264
Mica_0000836_virtual_188_stropt.cif,-7.2625027,2.876574270264095,0.12074017524719238,0.4930393695831299,-0.01971423625946045,-0.013062596321105957
Mica_0000836_virtual_230_stropt.cif,-7.2641954,2.883334982960378,1.279999017715454,0.4171297550201416,0.028761625289916992,0.3009321689605713
Mica_0000836_virtual_302_stropt.cif,-7.269272,2.889829421048487,0.9537380933761597,0.8957198858261108,4.504202365875244,0.3403141498565674
Mica_0000836_virtual_41_stropt.cif,-7.2591357,2.879395814856948,0.9514403343200684,0.4125314950942993,5.059161186218262,0.2755098342895508
Mica_0000836_virtual_34_stropt.cif,-7.262996,2.8828748009177723,1.5397146940231323,0.40529918670654297,-0.020819783210754395,0.16904890537261963
Mica_0000836_virtual_35_stropt.cif,-7.2671657,2.8867119225288023,1.1979628801345825,1.1871309280395508,4.991988182067871,0.24657833576202393
Mica_0000836_virtual_283_stropt.cif,-7.26369,2.878025746525401,1.1931812763214111,0.5792570114135742,5.008040904998779,0.27398133277893066
Mica_0000836_virtual_114_stropt.cif,-7.2587647,2.8849066283629865,1.4706555604934692,3.608034610748291,5.138067722320557,0.2314363718032837
Mica_0000836_virtual_362_stropt.cif,-7.2694345,2.8919166400937373,0.5325844287872314,2.8859567642211914,4.4931769371032715,0.4324824810028076
Mica_0000836_virtual_73_stropt.cif,-7.2703333,2.884810100244384,1.1978685855865479,1.4132651090621948,4.490192413330078,0.3864634037017822
Mica_0000836_virtual_142_stropt.cif,-7.261332,2.8920163141675808,0.7858024835586548,0.5064024925231934,-0.021403074264526367,0.20767712593078613
Mica_0000836_virtual_296_stropt.cif,-7.267325,2.895688622252931,0.6730438470840454,4.856762886047363,4.353421688079834,0.39148128032684326
Mica_0000836_virtual_75_stropt.cif,-7.264294,2.8814090843721862,1.2590569257736206,0.8184121251106262,5.007732391357422,0.3308837413787842
Mica_0000836_virtual_141_stropt.cif,-7.2625413,2.879652745914676,1.1552304029464722,0.6485521793365479,-0.018727660179138184,0.2881650924682617
Mica_0000836_virtual_242_stropt.cif,-7.263435,2.8781543494399813,1.2921042442321777,0.7163406014442444,4.807656288146973,0.3462742567062378
Mica_0000836_virtual_194_stropt.cif,-7.2634916,2.8852723998680743,1.08021080493927,0.3805886507034302,-0.01874232292175293,0.2724025249481201
Mica_0000836_virtual_83_stropt.cif,-7.2698073,2.8894078741162974,0.37848949432373047,0.47575056552886963,4.296497344970703,0.3376861810684204
Mica_0000836_virtual_25_stropt.cif,-7.266977,2.885621319854389,1.066507339477539,0.718590497970581,4.617323875427246,0.2584705352783203
